date,twitter (X) sentiment,Reddit,FinTwit
2022-04-29,Bearish,Cautiously Bearish,Bearish
2025-08-04,Bearish (AI cost concerns),Mixed-to-Bearish,Bearish
2024-01-25,Bearish (China/AI gap),Cautiously Bearish,Rotation Risk
2022-09-13,Macro-driven Bearish,Bearish,Risk-off Bearish
2022-05-05,Macro-driven Bearish,Mixed,Risk-off
2025-11-01,Bullish (post-earnings),Bullish,Bullish
2023-08-04,Bearish,Mixed-to-Bearish,Bearish
2023-05-05,Bullish,Bullish,Bullish
2025-03-14,Cautious Bearish (AI cycle delay),Bearish,Bearish
2022-06-13,Mildly Bullish,Mixed,Neutral
2024-07-01,Bullish,Mixed-to-Bullish,Bullish
2024-02-02,Mixed,Mixed,Neutral-to-Bearish
2022-09-29,Bearish,Bearish,Bearish
2023-02-03,Bearish,Bearish,Bearish
